AS_ID,MAPE
24748,183820392953898.25
30764,0.0391592538122738
30848,0.0335495951215342
3356,0.0544192811856674
51395,0.0077696497865715
57916,0.2169312986306138
7713,0.016459396160644
