AS_ID,MAPE
13335,0.0100455511293375
18403,0.0177330148392428
198608,0.0011054832035061
198887,0.0037986154057582
262589,0.0309235018485657
34757,0.0627575387803738
43207,0.0245928006470235
