AS_ID,MAPE
134578,0.0154101109030033
174,0.0271818045372468
20473,0.0287962029155508
3188,0.0352530830936885
52468,0.0486663793453994
59445,0.0046035655641566
8274,0.0602633223798436
